run,encoder,train_dataset,eval_dataset,split,variant,epoch,step,checkpoint,eval_rows,tp,fp,fn,biored_precision,biored_recall,biored_f1,micro_f1_all_classes,macro_f1_all_classes,negative_discrimination_f1
relations-bert-2026-07-01_18-38-41_BioRed_micro,NeuML/pubmedbert-base-embeddings,BioRed,BioRed,Test,matched_norelation,1,522,relations-bert-2026-07-01_18-38-41_BioRed_micro/checkpoint-522,2326,554,536,609,0.5082568807339449,0.4763542562338779,0.4917887261429205,0.650042992261393,0.2333539541729428,0.7856191744340878
relations-bert-2026-07-01_18-38-41_BioRed_micro,NeuML/pubmedbert-base-embeddings,BioRed,BioRed,Test,full_norelation,1,522,relations-bert-2026-07-01_18-38-41_BioRed_micro/checkpoint-522,10097,554,1814,609,0.2339527027027027,0.4763542562338779,0.313792126876239,0.7928097454689512,0.1974293458604418,0.5012744265080714
relations-bert-2026-07-01_18-38-41_BioRed_micro,NeuML/pubmedbert-base-embeddings,BioRed,BioRed,Test,matched_norelation,2,1044,relations-bert-2026-07-01_18-38-41_BioRed_micro/checkpoint-1044,2326,673,457,490,0.595575221238938,0.5786758383490972,0.5870039249890971,0.70335339638865,0.2852141036680386,0.8111644134321849
relations-bert-2026-07-01_18-38-41_BioRed_micro,NeuML/pubmedbert-base-embeddings,BioRed,BioRed,Test,full_norelation,2,1044,relations-bert-2026-07-01_18-38-41_BioRed_micro/checkpoint-1044,10097,673,1927,490,0.2588461538461538,0.5786758383490972,0.3576933297900611,0.786075071803506,0.2214667153008838,0.4942864735583311
relations-bert-2026-07-01_18-38-41_BioRed_micro,NeuML/pubmedbert-base-embeddings,BioRed,BioRed,Test,matched_norelation,3,1566,relations-bert-2026-07-01_18-38-41_BioRed_micro/checkpoint-1566,2326,578,403,585,0.5891946992864424,0.4969905417024935,0.539179104477612,0.6792777300085985,0.330491202704699,0.7649253731343283
relations-bert-2026-07-01_18-38-41_BioRed_micro,NeuML/pubmedbert-base-embeddings,BioRed,BioRed,Test,full_norelation,3,1566,relations-bert-2026-07-01_18-38-41_BioRed_micro/checkpoint-1566,10097,578,1532,585,0.2739336492890995,0.4969905417024935,0.3531927894897647,0.81430127760721,0.2567635923980991,0.5010693553315001
relations-bert-2026-07-01_18-38-41_BioRed_micro,NeuML/pubmedbert-base-embeddings,BioRed,BioRed,Test,matched_norelation,4,2088,relations-bert-2026-07-01_18-38-41_BioRed_micro/checkpoint-2088,2326,670,429,493,0.6096451319381255,0.5760963026655203,0.592396109637489,0.705932932072227,0.4298131414279659,0.8028293545534925
relations-bert-2026-07-01_18-38-41_BioRed_micro,NeuML/pubmedbert-base-embeddings,BioRed,BioRed,Test,full_norelation,4,2088,relations-bert-2026-07-01_18-38-41_BioRed_micro/checkpoint-2088,10097,670,1807,493,0.2704884941461445,0.5760963026655203,0.3681318681318681,0.7957809250272359,0.3440078660916746,0.4989010989010989
relations-bert-2026-07-01_18-38-41_BioRed_micro,NeuML/pubmedbert-base-embeddings,BioRed,BioRed,Test,matched_norelation,5,2610,relations-bert-2026-07-01_18-38-41_BioRed_micro/checkpoint-2610,2326,736,407,427,0.6439195100612424,0.6328460877042132,0.6383347788378145,0.7351676698194325,0.5466821743323037,0.8274067649609713
relations-bert-2026-07-01_18-38-41_BioRed_micro,NeuML/pubmedbert-base-embeddings,BioRed,BioRed,Test,full_norelation,5,2610,relations-bert-2026-07-01_18-38-41_BioRed_micro/checkpoint-2610,10097,736,1792,427,0.2911392405063291,0.6328460877042132,0.3988079111351937,0.8018223234624146,0.4470038738044222,0.5169330804659984
relations-bert-2026-07-01_18-38-41_BioRed_micro,NeuML/pubmedbert-base-embeddings,BioRed,BioRed,Test,matched_norelation,6,3132,relations-bert-2026-07-01_18-38-41_BioRed_micro/checkpoint-3132,2326,725,425,438,0.6304347826086957,0.6233877901977644,0.6268914829226113,0.7278589853826312,0.4733902163376795,0.825767401642888
relations-bert-2026-07-01_18-38-41_BioRed_micro,NeuML/pubmedbert-base-embeddings,BioRed,BioRed,Test,full_norelation,6,3132,relations-bert-2026-07-01_18-38-41_BioRed_micro/checkpoint-3132,10097,725,1874,438,0.2789534436321662,0.6233877901977644,0.3854332801701223,0.7938001386550461,0.3644447400066807,0.5077086656034024
relations-bert-2026-07-01_18-38-41_BioRed_micro,NeuML/pubmedbert-base-embeddings,BioRed,BioRed,Test,matched_norelation,7,3654,relations-bert-2026-07-01_18-38-41_BioRed_micro/checkpoint-3654,2326,726,412,437,0.6379613356766256,0.6242476354256233,0.6310299869621903,0.7304385210662081,0.5563619030859771,0.8239895697522817
relations-bert-2026-07-01_18-38-41_BioRed_micro,NeuML/pubmedbert-base-embeddings,BioRed,BioRed,Test,full_norelation,7,3654,relations-bert-2026-07-01_18-38-41_BioRed_micro/checkpoint-3654,10097,726,1842,437,0.2827102803738318,0.6242476354256233,0.3891718038059501,0.7962761216202833,0.4295008636870567,0.508174752077191
relations-bert-2026-07-01_18-38-41_BioRed_micro,NeuML/pubmedbert-base-embeddings,BioRed,BioRed,Test,matched_norelation,8,4176,relations-bert-2026-07-01_18-38-41_BioRed_micro/checkpoint-4176,2326,715,433,448,0.622822299651568,0.6147893379191746,0.6187797490263955,0.7235597592433362,0.5131381270441879,0.8247511899610559
relations-bert-2026-07-01_18-38-41_BioRed_micro,NeuML/pubmedbert-base-embeddings,BioRed,BioRed,Test,full_norelation,8,4176,relations-bert-2026-07-01_18-38-41_BioRed_micro/checkpoint-4176,10097,715,1935,448,0.269811320754717,0.6147893379191746,0.3750327825858904,0.7875606615826483,0.3922146255688489,0.4998688696564385
relations-bert-2026-07-01_18-38-41_BioRed_micro,NeuML/pubmedbert-base-embeddings,BioRed,BioRed,Test,matched_norelation,9,4698,relations-bert-2026-07-01_18-38-41_BioRed_micro/checkpoint-4698,2326,672,410,491,0.6210720887245841,0.5778159931212382,0.598663697104677,0.7171109200343938,0.56791394295488,0.8151447661469934
relations-bert-2026-07-01_18-38-41_BioRed_micro,NeuML/pubmedbert-base-embeddings,BioRed,BioRed,Test,full_norelation,9,4698,relations-bert-2026-07-01_18-38-41_BioRed_micro/checkpoint-4698,10097,672,1736,491,0.2790697674418604,0.5778159931212382,0.3763651638196584,0.8035059918787759,0.4536772542979985,0.5124614953794455
relations-bert-2026-07-01_18-38-41_BioRed_micro,NeuML/pubmedbert-base-embeddings,BioRed,BioRed,Test,matched_norelation,10,5220,relations-bert-2026-07-01_18-38-41_BioRed_micro/checkpoint-5220,2326,688,408,475,0.6277372262773723,0.5915735167669819,0.6091190792386011,0.7226999140154772,0.5854111214629087,0.8198317839752103
relations-bert-2026-07-01_18-38-41_BioRed_micro,NeuML/pubmedbert-base-embeddings,BioRed,BioRed,Test,full_norelation,10,5220,relations-bert-2026-07-01_18-38-41_BioRed_micro/checkpoint-5220,10097,688,1780,475,0.2787682333873582,0.5915735167669819,0.3789589644725971,0.8002376943646627,0.4625705500857948,0.5100523271825943
relations-bert-2026-07-01_20-51-41_BioRedPerturbated_micro,NeuML/pubmedbert-base-embeddings,BioRedPerturbated,BioRedPerturbated,Test,matched_norelation,1,476,relations-bert-2026-07-01_20-51-41_BioRedPerturbated_micro/checkpoint-476,1962,494,490,496,0.5020325203252033,0.498989898989899,0.5005065856129686,0.6121304791029561,0.2313546614026829,0.7284701114488349
relations-bert-2026-07-01_20-51-41_BioRedPerturbated_micro,NeuML/pubmedbert-base-embeddings,BioRedPerturbated,BioRedPerturbated,Test,matched_norelation,2,952,relations-bert-2026-07-01_20-51-41_BioRedPerturbated_micro/checkpoint-952,1962,567,492,423,0.5354107648725213,0.5727272727272728,0.5534407027818449,0.6503567787971458,0.3063047957554554,0.776964372864812
relations-bert-2026-07-01_20-51-41_BioRedPerturbated_micro,NeuML/pubmedbert-base-embeddings,BioRedPerturbated,BioRedPerturbated,Test,matched_norelation,3,1428,relations-bert-2026-07-01_20-51-41_BioRedPerturbated_micro/checkpoint-1428,1962,439,334,551,0.5679172056921087,0.4434343434343434,0.4980147475893363,0.6467889908256881,0.3330023154953668,0.7158252977878616
relations-bert-2026-07-01_20-51-41_BioRedPerturbated_micro,NeuML/pubmedbert-base-embeddings,BioRedPerturbated,BioRedPerturbated,Test,matched_norelation,4,1904,relations-bert-2026-07-01_20-51-41_BioRedPerturbated_micro/checkpoint-1904,1962,650,494,340,0.5681818181818182,0.6565656565656566,0.6091846298031864,0.6799184505606524,0.4839214903601572,0.802249297094658
relations-bert-2026-07-01_20-51-41_BioRedPerturbated_micro,NeuML/pubmedbert-base-embeddings,BioRedPerturbated,BioRedPerturbated,Test,matched_norelation,5,2380,relations-bert-2026-07-01_20-51-41_BioRedPerturbated_micro/checkpoint-2380,1962,544,371,446,0.594535519125683,0.5494949494949495,0.5711286089238845,0.6829765545361876,0.4755365742403608,0.7758530183727034
relations-bert-2026-07-01_20-51-41_BioRedPerturbated_micro,NeuML/pubmedbert-base-embeddings,BioRedPerturbated,BioRedPerturbated,Test,matched_norelation,6,2856,relations-bert-2026-07-01_20-51-41_BioRedPerturbated_micro/checkpoint-2856,1962,555,358,435,0.6078860898138007,0.5606060606060606,0.5832895428271151,0.6906218144750255,0.5661222048076847,0.7787703625853915
relations-bert-2026-07-01_20-51-41_BioRedPerturbated_micro,NeuML/pubmedbert-base-embeddings,BioRedPerturbated,BioRedPerturbated,Test,matched_norelation,7,3332,relations-bert-2026-07-01_20-51-41_BioRedPerturbated_micro/checkpoint-3332,1962,580,405,410,0.5888324873096447,0.5858585858585859,0.5873417721518988,0.6926605504587156,0.5910575216608438,0.8020253164556962
relations-bert-2026-07-01_20-51-41_BioRedPerturbated_micro,NeuML/pubmedbert-base-embeddings,BioRedPerturbated,BioRedPerturbated,Test,matched_norelation,8,3808,relations-bert-2026-07-01_20-51-41_BioRedPerturbated_micro/checkpoint-3808,1962,574,389,416,0.5960539979231568,0.5797979797979798,0.5878136200716845,0.6946992864424058,0.5661355000685492,0.7987711213517665
relations-bert-2026-07-01_20-51-41_BioRedPerturbated_micro,NeuML/pubmedbert-base-embeddings,BioRedPerturbated,BioRedPerturbated,Test,matched_norelation,9,4284,relations-bert-2026-07-01_20-51-41_BioRedPerturbated_micro/checkpoint-4284,1962,591,368,399,0.616266944734098,0.5969696969696969,0.6064648537711647,0.7054026503567788,0.5748583208248397,0.8004104669061056
relations-bert-2026-07-01_20-51-41_BioRedPerturbated_micro,NeuML/pubmedbert-base-embeddings,BioRedPerturbated,BioRedPerturbated,Test,matched_norelation,10,4760,relations-bert-2026-07-01_20-51-41_BioRedPerturbated_micro/checkpoint-4760,1962,583,386,407,0.6016511867905057,0.5888888888888889,0.5952016334864726,0.6992864424057085,0.577031333123012,0.8024502297090353
relations-bert-BioFormer8L-2026-07-01_22-24-16_BioRedPerturbated_micro,bioformers/bioformer-8L,BioRedPerturbated,BioRedPerturbated,Test,matched_norelation,1,476,relations-bert-BioFormer8L-2026-07-01_22-24-16_BioRedPerturbated_micro/checkpoint-476,1962,346,274,644,0.5580645161290323,0.3494949494949494,0.4298136645962732,0.6044852191641182,0.2079481142281118,0.6062111801242236
relations-bert-BioFormer8L-2026-07-01_22-24-16_BioRedPerturbated_micro,bioformers/bioformer-8L,BioRedPerturbated,BioRedPerturbated,Test,matched_norelation,2,952,relations-bert-BioFormer8L-2026-07-01_22-24-16_BioRedPerturbated_micro/checkpoint-952,1962,530,536,460,0.4971857410881801,0.5353535353535354,0.5155642023346304,0.617737003058104,0.289048123022757,0.754863813229572
relations-bert-BioFormer8L-2026-07-01_22-24-16_BioRedPerturbated_micro,bioformers/bioformer-8L,BioRedPerturbated,BioRedPerturbated,Test,matched_norelation,3,1428,relations-bert-BioFormer8L-2026-07-01_22-24-16_BioRedPerturbated_micro/checkpoint-1428,1962,352,235,638,0.5996592844974447,0.3555555555555555,0.4464172479391249,0.6182466870540265,0.2782780553299516,0.6036778693722257
relations-bert-BioFormer8L-2026-07-01_22-24-16_BioRedPerturbated_micro,bioformers/bioformer-8L,BioRedPerturbated,BioRedPerturbated,Test,matched_norelation,4,1904,relations-bert-BioFormer8L-2026-07-01_22-24-16_BioRedPerturbated_micro/checkpoint-1904,1962,498,463,492,0.518210197710718,0.503030303030303,0.5105074320861097,0.6279306829765545,0.3352168042760486,0.7411583803177857
relations-bert-BioFormer8L-2026-07-01_22-24-16_BioRedPerturbated_micro,bioformers/bioformer-8L,BioRedPerturbated,BioRedPerturbated,Test,matched_norelation,5,2380,relations-bert-BioFormer8L-2026-07-01_22-24-16_BioRedPerturbated_micro/checkpoint-2380,1962,515,477,475,0.5191532258064516,0.5202020202020202,0.5196770938446015,0.6325178389398572,0.3771581834800858,0.7527749747729566
relations-bert-BioFormer8L-2026-07-01_22-24-16_BioRedPerturbated_micro,bioformers/bioformer-8L,BioRedPerturbated,BioRedPerturbated,Test,matched_norelation,6,2856,relations-bert-BioFormer8L-2026-07-01_22-24-16_BioRedPerturbated_micro/checkpoint-2856,1962,488,432,502,0.5304347826086957,0.4929292929292929,0.5109947643979058,0.636085626911315,0.3446850729106157,0.7413612565445027
relations-bert-BioFormer8L-2026-07-01_22-24-16_BioRedPerturbated_micro,bioformers/bioformer-8L,BioRedPerturbated,BioRedPerturbated,Test,matched_norelation,7,3332,relations-bert-BioFormer8L-2026-07-01_22-24-16_BioRedPerturbated_micro/checkpoint-3332,1962,482,401,508,0.5458663646659117,0.4868686868686869,0.5146823278163375,0.6401630988786952,0.4036442676551068,0.7314468766684464
relations-bert-BioFormer8L-2026-07-01_22-24-16_BioRedPerturbated_micro,bioformers/bioformer-8L,BioRedPerturbated,BioRedPerturbated,Test,matched_norelation,8,3808,relations-bert-BioFormer8L-2026-07-01_22-24-16_BioRedPerturbated_micro/checkpoint-3808,1962,480,393,510,0.5498281786941581,0.4848484848484848,0.5152979066022545,0.6401630988786952,0.3737186472188766,0.726784755770263
relations-bert-BioFormer8L-2026-07-01_22-24-16_BioRedPerturbated_micro,bioformers/bioformer-8L,BioRedPerturbated,BioRedPerturbated,Test,matched_norelation,9,4284,relations-bert-BioFormer8L-2026-07-01_22-24-16_BioRedPerturbated_micro/checkpoint-4284,1962,502,424,488,0.5421166306695464,0.5070707070707071,0.5240083507306891,0.6427115188583078,0.4427072987251863,0.744258872651357
relations-bert-BioFormer8L-2026-07-01_22-24-16_BioRedPerturbated_micro,bioformers/bioformer-8L,BioRedPerturbated,BioRedPerturbated,Test,matched_norelation,10,4760,relations-bert-BioFormer8L-2026-07-01_22-24-16_BioRedPerturbated_micro/checkpoint-4760,1962,503,437,487,0.5351063829787234,0.5080808080808081,0.5212435233160622,0.6406727828746177,0.4288799862942913,0.7481865284974093
relations-bert_bioformers-bioformer-8L_2026-07-01_22-52-43_BioRed_micro,bioformers/bioformer-8L,BioRed,BioRed,Test,matched_norelation,1,522,relations-bert_bioformers-bioformer-8L_2026-07-01_22-52-43_BioRed_micro/checkpoint-522,2326,549,522,614,0.5126050420168067,0.472055030094583,0.4914950760966876,0.6397248495270851,0.2516884652691735,0.7582811101163833
relations-bert_bioformers-bioformer-8L_2026-07-01_22-52-43_BioRed_micro,bioformers/bioformer-8L,BioRed,BioRed,Test,full_norelation,1,522,relations-bert_bioformers-bioformer-8L_2026-07-01_22-52-43_BioRed_micro/checkpoint-522,10097,549,1909,614,0.2233523189585028,0.472055030094583,0.3032311516155758,0.7796375160938893,0.2100767338762189,0.4678265672466169
relations-bert_bioformers-bioformer-8L_2026-07-01_22-52-43_BioRed_micro,bioformers/bioformer-8L,BioRed,BioRed,Test,matched_norelation,2,1044,relations-bert_bioformers-bioformer-8L_2026-07-01_22-52-43_BioRed_micro/checkpoint-1044,2326,636,588,527,0.5196078431372549,0.5468615649183147,0.5328864683703394,0.6573516766981943,0.2557308387593324,0.799329702555509
relations-bert_bioformers-bioformer-8L_2026-07-01_22-52-43_BioRed_micro,bioformers/bioformer-8L,BioRed,BioRed,Test,full_norelation,2,1044,relations-bert_bioformers-bioformer-8L_2026-07-01_22-52-43_BioRed_micro/checkpoint-1044,10097,636,2713,527,0.1899074350552403,0.5468615649183147,0.2819148936170212,0.7106071110230762,0.1898691870760296,0.4228723404255319
relations-bert_bioformers-bioformer-8L_2026-07-01_22-52-43_BioRed_micro,bioformers/bioformer-8L,BioRed,BioRed,Test,matched_norelation,3,1566,relations-bert_bioformers-bioformer-8L_2026-07-01_22-52-43_BioRed_micro/checkpoint-1566,2326,587,463,576,0.559047619047619,0.5047291487532244,0.5305015815634884,0.6702493551160791,0.3206018257841563,0.7763217352010845
relations-bert_bioformers-bioformer-8L_2026-07-01_22-52-43_BioRed_micro,bioformers/bioformer-8L,BioRed,BioRed,Test,full_norelation,3,1566,relations-bert_bioformers-bioformer-8L_2026-07-01_22-52-43_BioRed_micro/checkpoint-1566,10097,587,1867,576,0.23920130399348,0.5047291487532244,0.3245783798728228,0.7849856392988016,0.2586915638101563,0.4749792645839093
relations-bert_bioformers-bioformer-8L_2026-07-01_22-52-43_BioRed_micro,bioformers/bioformer-8L,BioRed,BioRed,Test,matched_norelation,4,2088,relations-bert_bioformers-bioformer-8L_2026-07-01_22-52-43_BioRed_micro/checkpoint-2088,2326,636,523,527,0.548748921484038,0.5468615649183147,0.5478036175710593,0.6775580395528805,0.3676303032516614,0.8062015503875969
relations-bert_bioformers-bioformer-8L_2026-07-01_22-52-43_BioRed_micro,bioformers/bioformer-8L,BioRed,BioRed,Test,full_norelation,4,2088,relations-bert_bioformers-bioformer-8L_2026-07-01_22-52-43_BioRed_micro/checkpoint-2088,10097,636,2248,527,0.2205270457697642,0.5468615649183147,0.3143068939955523,0.7548776864415173,0.2798530870194982,0.4625648628613788
relations-bert_bioformers-bioformer-8L_2026-07-01_22-52-43_BioRed_micro,bioformers/bioformer-8L,BioRed,BioRed,Test,matched_norelation,5,2610,relations-bert_bioformers-bioformer-8L_2026-07-01_22-52-43_BioRed_micro/checkpoint-2610,2326,602,528,561,0.5327433628318584,0.5176268271711092,0.5250763192324466,0.6629406706792778,0.3474125278725707,0.7911033580462276
relations-bert_bioformers-bioformer-8L_2026-07-01_22-52-43_BioRed_micro,bioformers/bioformer-8L,BioRed,BioRed,Test,full_norelation,5,2610,relations-bert_bioformers-bioformer-8L_2026-07-01_22-52-43_BioRed_micro/checkpoint-2610,10097,602,2115,561,0.2215679057784321,0.5176268271711092,0.3103092783505154,0.765177775576904,0.2610688482978011,0.4675257731958762
relations-bert_bioformers-bioformer-8L_2026-07-01_22-52-43_BioRed_micro,bioformers/bioformer-8L,BioRed,BioRed,Test,matched_norelation,6,3132,relations-bert_bioformers-bioformer-8L_2026-07-01_22-52-43_BioRed_micro/checkpoint-3132,2326,564,494,599,0.5330812854442344,0.4849527085124677,0.5078793336334984,0.6569217540842648,0.3318192186695355,0.7735254389914452
relations-bert_bioformers-bioformer-8L_2026-07-01_22-52-43_BioRed_micro,bioformers/bioformer-8L,BioRed,BioRed,Test,full_norelation,6,3132,relations-bert_bioformers-bioformer-8L_2026-07-01_22-52-43_BioRed_micro/checkpoint-3132,10097,564,2004,599,0.219626168224299,0.4849527085124677,0.3023318145269364,0.7714172526493017,0.2407153842655297,0.4604663629053872
relations-bert_bioformers-bioformer-8L_2026-07-01_22-52-43_BioRed_micro,bioformers/bioformer-8L,BioRed,BioRed,Test,matched_norelation,7,3654,relations-bert_bioformers-bioformer-8L_2026-07-01_22-52-43_BioRed_micro/checkpoint-3654,2326,605,541,558,0.5279232111692844,0.5202063628546861,0.5240363793850152,0.6620808254514188,0.374317888533761,0.7951494153313122
relations-bert_bioformers-bioformer-8L_2026-07-01_22-52-43_BioRed_micro,bioformers/bioformer-8L,BioRed,BioRed,Test,full_norelation,7,3654,relations-bert_bioformers-bioformer-8L_2026-07-01_22-52-43_BioRed_micro/checkpoint-3654,10097,605,2337,558,0.2056424201223657,0.5202063628546861,0.294762484774665,0.7442804793503021,0.2792943225861453,0.4472594397076735
relations-bert_bioformers-bioformer-8L_2026-07-01_22-52-43_BioRed_micro,bioformers/bioformer-8L,BioRed,BioRed,Test,matched_norelation,8,4176,relations-bert_bioformers-bioformer-8L_2026-07-01_22-52-43_BioRed_micro/checkpoint-4176,2326,565,475,598,0.5432692307692307,0.4858125537403267,0.5129369042215162,0.6642304385210662,0.3270590334587896,0.7780299591466182
relations-bert_bioformers-bioformer-8L_2026-07-01_22-52-43_BioRed_micro,bioformers/bioformer-8L,BioRed,BioRed,Test,full_norelation,8,4176,relations-bert_bioformers-bioformer-8L_2026-07-01_22-52-43_BioRed_micro/checkpoint-4176,10097,565,1888,598,0.2303302079086832,0.4858125537403267,0.3125,0.7827077349707834,0.2466190429835694,0.4740044247787611
relations-bert_bioformers-bioformer-8L_2026-07-01_22-52-43_BioRed_micro,bioformers/bioformer-8L,BioRed,BioRed,Test,matched_norelation,9,4698,relations-bert_bioformers-bioformer-8L_2026-07-01_22-52-43_BioRed_micro/checkpoint-4698,2326,596,490,567,0.5488029465930019,0.5124677558039553,0.5300133392618942,0.674548581255374,0.3455786583288013,0.796798577145398
relations-bert_bioformers-bioformer-8L_2026-07-01_22-52-43_BioRed_micro,bioformers/bioformer-8L,BioRed,BioRed,Test,full_norelation,9,4698,relations-bert_bioformers-bioformer-8L_2026-07-01_22-52-43_BioRed_micro/checkpoint-4698,10097,596,2061,567,0.2243131351147911,0.5124677558039553,0.3120418848167539,0.769436466277112,0.2592747045370788,0.469109947643979
relations-bert_bioformers-bioformer-8L_2026-07-01_22-52-43_BioRed_micro,bioformers/bioformer-8L,BioRed,BioRed,Test,matched_norelation,10,5220,relations-bert_bioformers-bioformer-8L_2026-07-01_22-52-43_BioRed_micro/checkpoint-5220,2326,595,512,568,0.5374887082204155,0.5116079105760963,0.5242290748898678,0.6668099742046432,0.3410307185074752,0.7929515418502202
relations-bert_bioformers-bioformer-8L_2026-07-01_22-52-43_BioRed_micro,bioformers/bioformer-8L,BioRed,BioRed,Test,full_norelation,10,5220,relations-bert_bioformers-bioformer-8L_2026-07-01_22-52-43_BioRed_micro/checkpoint-5220,10097,595,2128,568,0.2185089974293059,0.5116079105760963,0.3062274832732887,0.7631969892047142,0.2527287380096605,0.4632012352032938
relations-bert-2026-07-01_18-38-41_BioRed_micro,NeuML/pubmedbert-base-embeddings,BioRed,BioRed,Dev,matched_norelation,1,522,relations-bert-2026-07-01_18-38-41_BioRed_micro/checkpoint-522,2323,575,528,587,0.5213055303717135,0.4948364888123924,0.5077262693156732,0.6616444253120964,0.3157721672288734,0.7982339955849889
relations-bert-2026-07-01_18-38-41_BioRed_micro,NeuML/pubmedbert-base-embeddings,BioRed,BioRed,Dev,full_norelation,1,522,relations-bert-2026-07-01_18-38-41_BioRed_micro/checkpoint-522,9068,575,1737,587,0.2487024221453287,0.4948364888123924,0.3310305123776626,0.7799955888839877,0.2602963405601463,0.5204375359815774
relations-bert-2026-07-01_18-38-41_BioRed_micro,NeuML/pubmedbert-base-embeddings,BioRed,BioRed,Dev,matched_norelation,2,1044,relations-bert-2026-07-01_18-38-41_BioRed_micro/checkpoint-1044,2323,694,497,468,0.5827036104114189,0.5972461273666093,0.5898852528686783,0.7055531640120534,0.4161347369075264,0.8287292817679558
relations-bert-2026-07-01_18-38-41_BioRed_micro,NeuML/pubmedbert-base-embeddings,BioRed,BioRed,Dev,full_norelation,2,1044,relations-bert-2026-07-01_18-38-41_BioRed_micro/checkpoint-1044,9068,694,1799,468,0.2783794624949859,0.5972461273666093,0.3797537619699043,0.7809880899867666,0.340225287200324,0.533515731874145
relations-bert-2026-07-01_18-38-41_BioRed_micro,NeuML/pubmedbert-base-embeddings,BioRed,BioRed,Dev,matched_norelation,3,1566,relations-bert-2026-07-01_18-38-41_BioRed_micro/checkpoint-1566,2323,661,428,501,0.6069788797061524,0.5688468158347676,0.5872945357618835,0.7154541541110633,0.4094638525048841,0.8254109284762328
relations-bert-2026-07-01_18-38-41_BioRed_micro,NeuML/pubmedbert-base-embeddings,BioRed,BioRed,Dev,full_norelation,3,1566,relations-bert-2026-07-01_18-38-41_BioRed_micro/checkpoint-1566,9068,661,1414,501,0.3185542168674699,0.5688468158347676,0.4084028421377818,0.8183722981914424,0.3267887289700012,0.5739882607352487
relations-bert-2026-07-01_18-38-41_BioRed_micro,NeuML/pubmedbert-base-embeddings,BioRed,BioRed,Dev,matched_norelation,4,2088,relations-bert-2026-07-01_18-38-41_BioRed_micro/checkpoint-2088,2323,720,490,442,0.5950413223140496,0.6196213425129088,0.6070826306913996,0.717606543263022,0.6123944621620458,0.8397976391231028
relations-bert-2026-07-01_18-38-41_BioRed_micro,NeuML/pubmedbert-base-embeddings,BioRed,BioRed,Dev,full_norelation,4,2088,relations-bert-2026-07-01_18-38-41_BioRed_micro/checkpoint-2088,9068,720,1720,442,0.2950819672131147,0.6196213425129088,0.3997779011660188,0.7920158800176444,0.4672122472509485,0.5530260966129927
relations-bert-2026-07-01_18-38-41_BioRed_micro,NeuML/pubmedbert-base-embeddings,BioRed,BioRed,Dev,matched_norelation,5,2610,relations-bert-2026-07-01_18-38-41_BioRed_micro/checkpoint-2610,2323,714,481,448,0.597489539748954,0.6144578313253012,0.6058549002969877,0.720619888075764,0.4619135476524734,0.8434450572761985
relations-bert-2026-07-01_18-38-41_BioRed_micro,NeuML/pubmedbert-base-embeddings,BioRed,BioRed,Dev,full_norelation,5,2610,relations-bert-2026-07-01_18-38-41_BioRed_micro/checkpoint-2610,9068,714,1780,448,0.2862870890136327,0.6144578313253012,0.3905908096280087,0.7851786501985002,0.3398667247831043,0.5437636761487965
relations-bert-2026-07-01_18-38-41_BioRed_micro,NeuML/pubmedbert-base-embeddings,BioRed,BioRed,Dev,matched_norelation,6,3132,relations-bert-2026-07-01_18-38-41_BioRed_micro/checkpoint-3132,2323,697,492,465,0.5862068965517241,0.5998278829604131,0.5929391748192258,0.7124408092983211,0.4885130306599362,0.8387920034028072
relations-bert-2026-07-01_18-38-41_BioRed_micro,NeuML/pubmedbert-base-embeddings,BioRed,BioRed,Dev,full_norelation,6,3132,relations-bert-2026-07-01_18-38-41_BioRed_micro/checkpoint-3132,9068,697,1842,465,0.2745175265852698,0.5998278829604131,0.3766549581194272,0.7774591971768857,0.362729273561447,0.5328289651445556
relations-bert-2026-07-01_18-38-41_BioRed_micro,NeuML/pubmedbert-base-embeddings,BioRed,BioRed,Dev,matched_norelation,7,3654,relations-bert-2026-07-01_18-38-41_BioRed_micro/checkpoint-3654,2323,742,475,420,0.6096959737058341,0.6385542168674698,0.6237915090374107,0.7343951786482996,0.6215051514191384,0.8575031525851198
relations-bert-2026-07-01_18-38-41_BioRed_micro,NeuML/pubmedbert-base-embeddings,BioRed,BioRed,Dev,full_norelation,7,3654,relations-bert-2026-07-01_18-38-41_BioRed_micro/checkpoint-3654,9068,742,1729,420,0.3002832861189802,0.6385542168674698,0.4084778420038536,0.7936700485222762,0.4371252439599303,0.5615194054500413
relations-bert-2026-07-01_18-38-41_BioRed_micro,NeuML/pubmedbert-base-embeddings,BioRed,BioRed,Dev,matched_norelation,8,4176,relations-bert-2026-07-01_18-38-41_BioRed_micro/checkpoint-4176,2323,745,458,417,0.6192851205320034,0.6411359724612736,0.6300211416490485,0.7348256564786914,0.5881170571059054,0.8490486257928117
relations-bert-2026-07-01_18-38-41_BioRed_micro,NeuML/pubmedbert-base-embeddings,BioRed,BioRed,Dev,full_norelation,8,4176,relations-bert-2026-07-01_18-38-41_BioRed_micro/checkpoint-4176,9068,745,1771,417,0.2961049284578696,0.6411359724612736,0.4051114736269712,0.787273930304367,0.3987612906113091,0.5459488852637302
relations-bert-2026-07-01_18-38-41_BioRed_micro,NeuML/pubmedbert-base-embeddings,BioRed,BioRed,Dev,matched_norelation,9,4698,relations-bert-2026-07-01_18-38-41_BioRed_micro/checkpoint-4698,2323,719,446,443,0.6171673819742489,0.6187607573149742,0.6179630425440481,0.7313818338355574,0.5491022897450608,0.8457241082939407
relations-bert-2026-07-01_18-38-41_BioRed_micro,NeuML/pubmedbert-base-embeddings,BioRed,BioRed,Dev,full_norelation,9,4698,relations-bert-2026-07-01_18-38-41_BioRed_micro/checkpoint-4698,9068,719,1602,443,0.3097802671262387,0.6187607573149742,0.4128624748779787,0.803705337450375,0.4003277184682726,0.5650301464254953
relations-bert-2026-07-01_18-38-41_BioRed_micro,NeuML/pubmedbert-base-embeddings,BioRed,BioRed,Dev,matched_norelation,10,5220,relations-bert-2026-07-01_18-38-41_BioRed_micro/checkpoint-5220,2323,715,446,447,0.615848406546081,0.6153184165232358,0.6155832974601809,0.7322427894963409,0.539470023909286,0.848902281532501
relations-bert-2026-07-01_18-38-41_BioRed_micro,NeuML/pubmedbert-base-embeddings,BioRed,BioRed,Dev,full_norelation,10,5220,relations-bert-2026-07-01_18-38-41_BioRed_micro/checkpoint-5220,9068,715,1598,447,0.3091223519239083,0.6153184165232358,0.4115107913669065,0.8043670048522276,0.3980852783835398,0.5674820143884892
relations-bert-2026-07-01_20-51-41_BioRedPerturbated_micro,NeuML/pubmedbert-base-embeddings,BioRedPerturbated,BioRedPerturbated,Dev,matched_norelation,1,476,relations-bert-2026-07-01_20-51-41_BioRedPerturbated_micro/checkpoint-476,2227,548,602,566,0.4765217391304348,0.4919210053859964,0.4840989399293286,0.6192186798383476,0.2939404175757171,0.7667844522968199
relations-bert-2026-07-01_20-51-41_BioRedPerturbated_micro,NeuML/pubmedbert-base-embeddings,BioRedPerturbated,BioRedPerturbated,Dev,matched_norelation,2,952,relations-bert-2026-07-01_20-51-41_BioRedPerturbated_micro/checkpoint-952,2227,631,599,483,0.5130081300813009,0.566427289048474,0.53839590443686,0.651549169286035,0.3390964583685227,0.7994880546075085
relations-bert-2026-07-01_20-51-41_BioRedPerturbated_micro,NeuML/pubmedbert-base-embeddings,BioRedPerturbated,BioRedPerturbated,Dev,matched_norelation,3,1428,relations-bert-2026-07-01_20-51-41_BioRedPerturbated_micro/checkpoint-1428,2227,543,335,571,0.6184510250569476,0.4874326750448833,0.5451807228915663,0.6847777278850471,0.4206009689487585,0.75
relations-bert-2026-07-01_20-51-41_BioRedPerturbated_micro,NeuML/pubmedbert-base-embeddings,BioRedPerturbated,BioRedPerturbated,Dev,matched_norelation,4,1904,relations-bert-2026-07-01_20-51-41_BioRedPerturbated_micro/checkpoint-1904,2227,684,595,430,0.5347928068803753,0.6140035906642729,0.571667363142499,0.6627750336775932,0.4306996029601945,0.8006686167989971
relations-bert-2026-07-01_20-51-41_BioRedPerturbated_micro,NeuML/pubmedbert-base-embeddings,BioRedPerturbated,BioRedPerturbated,Dev,matched_norelation,5,2380,relations-bert-2026-07-01_20-51-41_BioRedPerturbated_micro/checkpoint-2380,2227,610,414,504,0.595703125,0.547576301615799,0.5706267539756783,0.6910642119443197,0.4099341910413182,0.78578110383536
relations-bert-2026-07-01_20-51-41_BioRedPerturbated_micro,NeuML/pubmedbert-base-embeddings,BioRedPerturbated,BioRedPerturbated,Dev,matched_norelation,6,2856,relations-bert-2026-07-01_20-51-41_BioRedPerturbated_micro/checkpoint-2856,2227,620,421,494,0.595581171950048,0.5565529622980251,0.5754060324825986,0.688819039066008,0.3992134372645085,0.7814385150812064
relations-bert-2026-07-01_20-51-41_BioRedPerturbated_micro,NeuML/pubmedbert-base-embeddings,BioRedPerturbated,BioRedPerturbated,Dev,matched_norelation,7,3332,relations-bert-2026-07-01_20-51-41_BioRedPerturbated_micro/checkpoint-3332,2227,659,458,455,0.5899731423455685,0.5915619389587073,0.590766472433886,0.6919622810956444,0.468446058757058,0.7942626624831913
relations-bert-2026-07-01_20-51-41_BioRedPerturbated_micro,NeuML/pubmedbert-base-embeddings,BioRedPerturbated,BioRedPerturbated,Dev,matched_norelation,8,3808,relations-bert-2026-07-01_20-51-41_BioRedPerturbated_micro/checkpoint-3808,2227,643,431,471,0.5986964618249534,0.5771992818671454,0.5877513711151737,0.699595868881904,0.4566508308465113,0.8007312614259597
relations-bert-2026-07-01_20-51-41_BioRedPerturbated_micro,NeuML/pubmedbert-base-embeddings,BioRedPerturbated,BioRedPerturbated,Dev,matched_norelation,9,4284,relations-bert-2026-07-01_20-51-41_BioRedPerturbated_micro/checkpoint-4284,2227,649,444,465,0.5937785910338518,0.5825852782764811,0.5881286814680562,0.694207453973956,0.4673935733324164,0.7947439963751698
relations-bert-2026-07-01_20-51-41_BioRedPerturbated_micro,NeuML/pubmedbert-base-embeddings,BioRedPerturbated,BioRedPerturbated,Dev,matched_norelation,10,4760,relations-bert-2026-07-01_20-51-41_BioRedPerturbated_micro/checkpoint-4760,2227,660,446,454,0.596745027124774,0.59245960502693,0.5945945945945945,0.6951055231252806,0.4790786509861422,0.7936936936936938
relations-bert-BioFormer8L-2026-07-01_22-24-16_BioRedPerturbated_micro,bioformers/bioformer-8L,BioRedPerturbated,BioRedPerturbated,Dev,matched_norelation,1,476,relations-bert-BioFormer8L-2026-07-01_22-24-16_BioRedPerturbated_micro/checkpoint-476,2227,426,396,688,0.5182481751824818,0.3824057450628366,0.4400826446280992,0.6138302649303996,0.2701268209311918,0.6714876033057852
relations-bert-BioFormer8L-2026-07-01_22-24-16_BioRedPerturbated_micro,bioformers/bioformer-8L,BioRedPerturbated,BioRedPerturbated,Dev,matched_norelation,2,952,relations-bert-BioFormer8L-2026-07-01_22-24-16_BioRedPerturbated_micro/checkpoint-952,2227,574,676,540,0.4592,0.5152603231597845,0.4856175972927241,0.6106870229007634,0.3332191170079033,0.7808798646362097
relations-bert-BioFormer8L-2026-07-01_22-24-16_BioRedPerturbated_micro,bioformers/bioformer-8L,BioRedPerturbated,BioRedPerturbated,Dev,matched_norelation,3,1428,relations-bert-BioFormer8L-2026-07-01_22-24-16_BioRedPerturbated_micro/checkpoint-1428,2227,417,263,697,0.6132352941176471,0.374326750448833,0.4648829431438127,0.6394252357431522,0.3459281375791642,0.6399108138238573
relations-bert-BioFormer8L-2026-07-01_22-24-16_BioRedPerturbated_micro,bioformers/bioformer-8L,BioRedPerturbated,BioRedPerturbated,Dev,matched_norelation,4,1904,relations-bert-BioFormer8L-2026-07-01_22-24-16_BioRedPerturbated_micro/checkpoint-1904,2227,576,566,538,0.5043782837127846,0.5170556552962298,0.5106382978723404,0.6362819937135159,0.3543099093025135,0.7712765957446809
relations-bert-BioFormer8L-2026-07-01_22-24-16_BioRedPerturbated_micro,bioformers/bioformer-8L,BioRedPerturbated,BioRedPerturbated,Dev,matched_norelation,5,2380,relations-bert-BioFormer8L-2026-07-01_22-24-16_BioRedPerturbated_micro/checkpoint-2380,2227,570,575,544,0.4978165938864629,0.5116696588868941,0.5046480743691899,0.6273013022002695,0.3890808089310265,0.7605135015493582
relations-bert-BioFormer8L-2026-07-01_22-24-16_BioRedPerturbated_micro,bioformers/bioformer-8L,BioRedPerturbated,BioRedPerturbated,Dev,matched_norelation,6,2856,relations-bert-BioFormer8L-2026-07-01_22-24-16_BioRedPerturbated_micro/checkpoint-2856,2227,560,517,554,0.5199628597957289,0.5026929982046678,0.511182108626198,0.6398742703188145,0.4038723360242761,0.7567320858055683
relations-bert-BioFormer8L-2026-07-01_22-24-16_BioRedPerturbated_micro,bioformers/bioformer-8L,BioRedPerturbated,BioRedPerturbated,Dev,matched_norelation,7,3332,relations-bert-BioFormer8L-2026-07-01_22-24-16_BioRedPerturbated_micro/checkpoint-3332,2227,561,502,553,0.5277516462841016,0.5035906642728905,0.5153881488286634,0.6439155814997755,0.4339433216538876,0.756086357372531
relations-bert-BioFormer8L-2026-07-01_22-24-16_BioRedPerturbated_micro,bioformers/bioformer-8L,BioRedPerturbated,BioRedPerturbated,Dev,matched_norelation,8,3808,relations-bert-BioFormer8L-2026-07-01_22-24-16_BioRedPerturbated_micro/checkpoint-3808,2227,551,507,563,0.5207939508506616,0.4946140035906642,0.507366482504604,0.6358329591378536,0.4234467148335327,0.7458563535911602
relations-bert-BioFormer8L-2026-07-01_22-24-16_BioRedPerturbated_micro,bioformers/bioformer-8L,BioRedPerturbated,BioRedPerturbated,Dev,matched_norelation,9,4284,relations-bert-BioFormer8L-2026-07-01_22-24-16_BioRedPerturbated_micro/checkpoint-4284,2227,567,519,547,0.5220994475138122,0.5089766606822262,0.5154545454545455,0.6439155814997755,0.3999994923372137,0.7636363636363638
relations-bert-BioFormer8L-2026-07-01_22-24-16_BioRedPerturbated_micro,bioformers/bioformer-8L,BioRedPerturbated,BioRedPerturbated,Dev,matched_norelation,10,4760,relations-bert-BioFormer8L-2026-07-01_22-24-16_BioRedPerturbated_micro/checkpoint-4760,2227,574,530,540,0.519927536231884,0.5152603231597845,0.5175834084761046,0.6425684777727885,0.3854235528638695,0.7646528403967539
relations-bert_bioformers-bioformer-8L_2026-07-01_22-52-43_BioRed_micro,bioformers/bioformer-8L,BioRed,BioRed,Dev,matched_norelation,1,522,relations-bert_bioformers-bioformer-8L_2026-07-01_22-52-43_BioRed_micro/checkpoint-522,2323,524,555,638,0.4856348470806302,0.4509466437177281,0.4676483712628291,0.6263452432199742,0.3197790632392561,0.7576974564926373
relations-bert_bioformers-bioformer-8L_2026-07-01_22-52-43_BioRed_micro,bioformers/bioformer-8L,BioRed,BioRed,Dev,full_norelation,1,522,relations-bert_bioformers-bioformer-8L_2026-07-01_22-52-43_BioRed_micro/checkpoint-522,9068,524,1895,638,0.2166184373708143,0.4509466437177281,0.2926556827701759,0.7565063961182179,0.2508261785346009,0.4741692264730523
relations-bert_bioformers-bioformer-8L_2026-07-01_22-52-43_BioRed_micro,bioformers/bioformer-8L,BioRed,BioRed,Dev,matched_norelation,2,1044,relations-bert_bioformers-bioformer-8L_2026-07-01_22-52-43_BioRed_micro/checkpoint-1044,2323,639,617,523,0.5087579617834395,0.5499139414802066,0.5285359801488834,0.6547567800258287,0.3327954334069476,0.8081058726220017
relations-bert_bioformers-bioformer-8L_2026-07-01_22-52-43_BioRed_micro,bioformers/bioformer-8L,BioRed,BioRed,Dev,full_norelation,2,1044,relations-bert_bioformers-bioformer-8L_2026-07-01_22-52-43_BioRed_micro/checkpoint-1044,9068,639,2440,523,0.2075349139330951,0.5499139414802066,0.3013440226361707,0.7105205116894574,0.2491536533485184,0.4607403914171186
relations-bert_bioformers-bioformer-8L_2026-07-01_22-52-43_BioRed_micro,bioformers/bioformer-8L,BioRed,BioRed,Dev,matched_norelation,3,1566,relations-bert_bioformers-bioformer-8L_2026-07-01_22-52-43_BioRed_micro/checkpoint-1566,2323,567,510,595,0.5264623955431755,0.4879518072289157,0.5064761054041983,0.6569091691777873,0.3884539959319673,0.7815989280928987
relations-bert_bioformers-bioformer-8L_2026-07-01_22-52-43_BioRed_micro,bioformers/bioformer-8L,BioRed,BioRed,Dev,full_norelation,3,1566,relations-bert_bioformers-bioformer-8L_2026-07-01_22-52-43_BioRed_micro/checkpoint-1566,9068,567,1690,595,0.2512184315463004,0.4879518072289157,0.3316759286341035,0.7819805910895457,0.3153829579935499,0.5118455688797894
relations-bert_bioformers-bioformer-8L_2026-07-01_22-52-43_BioRed_micro,bioformers/bioformer-8L,BioRed,BioRed,Dev,matched_norelation,4,2088,relations-bert_bioformers-bioformer-8L_2026-07-01_22-52-43_BioRed_micro/checkpoint-2088,2323,632,551,530,0.5342349957734573,0.5438898450946644,0.5390191897654585,0.6681015927679724,0.427547171760014,0.8034115138592751
relations-bert_bioformers-bioformer-8L_2026-07-01_22-52-43_BioRed_micro,bioformers/bioformer-8L,BioRed,BioRed,Dev,full_norelation,4,2088,relations-bert_bioformers-bioformer-8L_2026-07-01_22-52-43_BioRed_micro/checkpoint-2088,9068,632,1989,530,0.2411293399465852,0.5438898450946644,0.3341263547449115,0.7563961182179091,0.3217339536909689,0.4980174464710548
relations-bert_bioformers-bioformer-8L_2026-07-01_22-52-43_BioRed_micro,bioformers/bioformer-8L,BioRed,BioRed,Dev,matched_norelation,5,2610,relations-bert_bioformers-bioformer-8L_2026-07-01_22-52-43_BioRed_micro/checkpoint-2610,2323,633,587,529,0.5188524590163934,0.544750430292599,0.5314861460957179,0.6646577701248386,0.3900675566525391,0.8144416456759026
relations-bert_bioformers-bioformer-8L_2026-07-01_22-52-43_BioRed_micro,bioformers/bioformer-8L,BioRed,BioRed,Dev,full_norelation,5,2610,relations-bert_bioformers-bioformer-8L_2026-07-01_22-52-43_BioRed_micro/checkpoint-2610,9068,633,2099,529,0.2316983894582723,0.544750430292599,0.325115562403698,0.7473533303925893,0.2815607592633356,0.4982023626091422
relations-bert_bioformers-bioformer-8L_2026-07-01_22-52-43_BioRed_micro,bioformers/bioformer-8L,BioRed,BioRed,Dev,matched_norelation,6,3132,relations-bert_bioformers-bioformer-8L_2026-07-01_22-52-43_BioRed_micro/checkpoint-3132,2323,617,548,545,0.5296137339055794,0.5309810671256454,0.5302965191233346,0.6685320705983642,0.4324225073076699,0.8079071766222604
relations-bert_bioformers-bioformer-8L_2026-07-01_22-52-43_BioRed_micro,bioformers/bioformer-8L,BioRed,BioRed,Dev,full_norelation,6,3132,relations-bert_bioformers-bioformer-8L_2026-07-01_22-52-43_BioRed_micro/checkpoint-3132,9068,617,1925,545,0.2427222659323367,0.5309810671256454,0.3331533477321814,0.7632333480370533,0.3216027521498064,0.5075593952483802
relations-bert_bioformers-bioformer-8L_2026-07-01_22-52-43_BioRed_micro,bioformers/bioformer-8L,BioRed,BioRed,Dev,matched_norelation,7,3654,relations-bert_bioformers-bioformer-8L_2026-07-01_22-52-43_BioRed_micro/checkpoint-3654,2323,620,564,542,0.5236486486486487,0.5335628227194492,0.5285592497868712,0.6625053809728799,0.4049295314135985,0.80306905370844
relations-bert_bioformers-bioformer-8L_2026-07-01_22-52-43_BioRed_micro,bioformers/bioformer-8L,BioRed,BioRed,Dev,full_norelation,7,3654,relations-bert_bioformers-bioformer-8L_2026-07-01_22-52-43_BioRed_micro/checkpoint-3654,9068,620,2098,542,0.2281089036055923,0.5335628227194492,0.3195876288659794,0.7443758270842523,0.2955917148558696,0.4855670103092783
relations-bert_bioformers-bioformer-8L_2026-07-01_22-52-43_BioRed_micro,bioformers/bioformer-8L,BioRed,BioRed,Dev,matched_norelation,8,4176,relations-bert_bioformers-bioformer-8L_2026-07-01_22-52-43_BioRed_micro/checkpoint-4176,2323,579,516,583,0.5287671232876713,0.4982788296041308,0.5130704474966771,0.6612139474817047,0.4284656339542757,0.7895436420026584
relations-bert_bioformers-bioformer-8L_2026-07-01_22-52-43_BioRed_micro,bioformers/bioformer-8L,BioRed,BioRed,Dev,full_norelation,8,4176,relations-bert_bioformers-bioformer-8L_2026-07-01_22-52-43_BioRed_micro/checkpoint-4176,9068,579,1763,583,0.2472245943637916,0.4982788296041308,0.3304794520547945,0.7756947507719453,0.3289025590285557,0.5085616438356165
relations-bert_bioformers-bioformer-8L_2026-07-01_22-52-43_BioRed_micro,bioformers/bioformer-8L,BioRed,BioRed,Dev,matched_norelation,9,4698,relations-bert_bioformers-bioformer-8L_2026-07-01_22-52-43_BioRed_micro/checkpoint-4698,2323,612,534,550,0.5340314136125655,0.5266781411359724,0.5303292894280762,0.6698235040895394,0.416221582884092,0.8050259965337956
relations-bert_bioformers-bioformer-8L_2026-07-01_22-52-43_BioRed_micro,bioformers/bioformer-8L,BioRed,BioRed,Dev,full_norelation,9,4698,relations-bert_bioformers-bioformer-8L_2026-07-01_22-52-43_BioRed_micro/checkpoint-4698,9068,612,1893,550,0.2443113772455089,0.5266781411359724,0.3337878374693209,0.7655491839435378,0.3069657217124583,0.5066812107990183
relations-bert_bioformers-bioformer-8L_2026-07-01_22-52-43_BioRed_micro,bioformers/bioformer-8L,BioRed,BioRed,Dev,matched_norelation,10,5220,relations-bert_bioformers-bioformer-8L_2026-07-01_22-52-43_BioRed_micro/checkpoint-5220,2323,616,552,546,0.5273972602739726,0.5301204819277109,0.528755364806867,0.665518725785622,0.4125699082798318,0.8042918454935623
relations-bert_bioformers-bioformer-8L_2026-07-01_22-52-43_BioRed_micro,bioformers/bioformer-8L,BioRed,BioRed,Dev,full_norelation,10,5220,relations-bert_bioformers-bioformer-8L_2026-07-01_22-52-43_BioRed_micro/checkpoint-5220,9068,616,1974,546,0.2378378378378378,0.5301204819277109,0.3283582089552239,0.757498897220997,0.3010001520288861,0.4994669509594883
relations-bert-2026-07-01_20-51-41_BioRedPerturbated_micro,NeuML/pubmedbert-base-embeddings,BioRedPerturbated,BioRed,Test,matched_norelation,1,476,relations-bert-2026-07-01_20-51-41_BioRedPerturbated_micro/checkpoint-476,2326,568,640,595,0.47019867549668876,0.4883920894239037,0.47912273302404046,0.58469475494411,0.22085174201616672,0.7060312104597216
relations-bert-2026-07-01_20-51-41_BioRedPerturbated_micro,NeuML/pubmedbert-base-embeddings,BioRedPerturbated,BioRed,Test,full_norelation,1,476,relations-bert-2026-07-01_20-51-41_BioRedPerturbated_micro/checkpoint-476,10097,568,2455,595,0.18789282170029772,0.4883920894239037,0.2713807931199236,0.7245716549470139,0.18492348005805045,0.39990444338270426
relations-bert-2026-07-01_20-51-41_BioRedPerturbated_micro,NeuML/pubmedbert-base-embeddings,BioRedPerturbated,BioRed,Dev,matched_norelation,1,476,relations-bert-2026-07-01_20-51-41_BioRedPerturbated_micro/checkpoint-476,2323,572,721,590,0.4423820572312452,0.49225473321858865,0.4659877800407332,0.5828669823504089,0.28108161612938554,0.7446028513238289
relations-bert-2026-07-01_20-51-41_BioRedPerturbated_micro,NeuML/pubmedbert-base-embeddings,BioRedPerturbated,BioRed,Dev,full_norelation,1,476,relations-bert-2026-07-01_20-51-41_BioRedPerturbated_micro/checkpoint-476,9068,572,2467,590,0.18821980914774597,0.49225473321858865,0.2723161152106641,0.7005955006616674,0.2318571545267198,0.43513449178766966
relations-bert-2026-07-01_20-51-41_BioRedPerturbated_micro,NeuML/pubmedbert-base-embeddings,BioRedPerturbated,BioRed,Test,matched_norelation,2,952,relations-bert-2026-07-01_20-51-41_BioRedPerturbated_micro/checkpoint-952,2326,659,632,504,0.5104570100697134,0.5666380051590714,0.537082314588427,0.6203783319002579,0.3006288322541128,0.7432762836185819
relations-bert-2026-07-01_20-51-41_BioRedPerturbated_micro,NeuML/pubmedbert-base-embeddings,BioRedPerturbated,BioRed,Test,full_norelation,2,952,relations-bert-2026-07-01_20-51-41_BioRedPerturbated_micro/checkpoint-952,10097,659,2234,504,0.22779122018665746,0.5666380051590714,0.3249506903353057,0.7538872932554224,0.24540563667164722,0.4497041420118343
relations-bert-2026-07-01_20-51-41_BioRedPerturbated_micro,NeuML/pubmedbert-base-embeddings,BioRedPerturbated,BioRed,Dev,matched_norelation,2,952,relations-bert-2026-07-01_20-51-41_BioRedPerturbated_micro/checkpoint-952,2323,667,714,495,0.4829833454018827,0.5740103270223752,0.5245772709398349,0.623331898407232,0.3295299693774157,0.7872591427447896
relations-bert-2026-07-01_20-51-41_BioRedPerturbated_micro,NeuML/pubmedbert-base-embeddings,BioRedPerturbated,BioRed,Dev,full_norelation,2,952,relations-bert-2026-07-01_20-51-41_BioRedPerturbated_micro/checkpoint-952,9068,667,2442,495,0.21453843679639756,0.5740103270223752,0.31233903067197377,0.7129466254962505,0.2525362365187865,0.4687426832123624
relations-bert-2026-07-01_20-51-41_BioRedPerturbated_micro,NeuML/pubmedbert-base-embeddings,BioRedPerturbated,BioRed,Test,matched_norelation,3,1428,relations-bert-2026-07-01_20-51-41_BioRedPerturbated_micro/checkpoint-1428,2326,532,416,631,0.5611814345991561,0.45743766122098023,0.5040265277119848,0.6380051590713671,0.3346209987692028,0.6982472761724301
relations-bert-2026-07-01_20-51-41_BioRedPerturbated_micro,NeuML/pubmedbert-base-embeddings,BioRedPerturbated,BioRed,Test,full_norelation,3,1428,relations-bert-2026-07-01_20-51-41_BioRedPerturbated_micro/checkpoint-1428,10097,532,1277,631,0.2940851299060254,0.45743766122098023,0.3580080753701211,0.831336040408042,0.3079918311405364,0.4959623149394347
relations-bert-2026-07-01_20-51-41_BioRedPerturbated_micro,NeuML/pubmedbert-base-embeddings,BioRedPerturbated,BioRed,Dev,matched_norelation,3,1428,relations-bert-2026-07-01_20-51-41_BioRedPerturbated_micro/checkpoint-1428,2323,586,410,576,0.5883534136546185,0.504302925989673,0.5430954587581094,0.6741282823934568,0.406091947812551,0.7553290083410564
relations-bert-2026-07-01_20-51-41_BioRedPerturbated_micro,NeuML/pubmedbert-base-embeddings,BioRedPerturbated,BioRed,Dev,full_norelation,3,1428,relations-bert-2026-07-01_20-51-41_BioRedPerturbated_micro/checkpoint-1428,9068,586,1234,576,0.321978021978022,0.504302925989673,0.39302481556002683,0.8256506396118218,0.35111561367625643,0.5466130114017438
relations-bert-2026-07-01_20-51-41_BioRedPerturbated_micro,NeuML/pubmedbert-base-embeddings,BioRedPerturbated,BioRed,Test,matched_norelation,4,1904,relations-bert-2026-07-01_20-51-41_BioRedPerturbated_micro/checkpoint-1904,2326,758,620,405,0.5500725689404935,0.6517626827171109,0.5966155057064148,0.6560619088564058,0.47387316975532795,0.773711137347501
relations-bert-2026-07-01_20-51-41_BioRedPerturbated_micro,NeuML/pubmedbert-base-embeddings,BioRedPerturbated,BioRed,Test,full_norelation,4,1904,relations-bert-2026-07-01_20-51-41_BioRedPerturbated_micro/checkpoint-1904,10097,758,2386,405,0.2410941475826972,0.6517626827171109,0.3519851404690039,0.7458651084480539,0.3702478101468467,0.45646621778500124
relations-bert-2026-07-01_20-51-41_BioRedPerturbated_micro,NeuML/pubmedbert-base-embeddings,BioRedPerturbated,BioRed,Dev,matched_norelation,4,1904,relations-bert-2026-07-01_20-51-41_BioRedPerturbated_micro/checkpoint-1904,2323,737,700,425,0.5128740431454419,0.6342512908777969,0.5671412081569834,0.6457167455876023,0.40649740850174987,0.7995382839553675
relations-bert-2026-07-01_20-51-41_BioRedPerturbated_micro,NeuML/pubmedbert-base-embeddings,BioRedPerturbated,BioRed,Dev,full_norelation,4,1904,relations-bert-2026-07-01_20-51-41_BioRedPerturbated_micro/checkpoint-1904,9068,737,2497,425,0.22789115646258504,0.6342512908777969,0.33530482256596905,0.7110719011910013,0.28663847988283386,0.47270245677888995
relations-bert-2026-07-01_20-51-41_BioRedPerturbated_micro,NeuML/pubmedbert-base-embeddings,BioRedPerturbated,BioRed,Test,matched_norelation,5,2380,relations-bert-2026-07-01_20-51-41_BioRedPerturbated_micro/checkpoint-2380,2326,636,448,527,0.5867158671586716,0.5468615649183147,0.5660881174899867,0.6702493551160791,0.4825195744083868,0.7512238540275924
relations-bert-2026-07-01_20-51-41_BioRedPerturbated_micro,NeuML/pubmedbert-base-embeddings,BioRedPerturbated,BioRed,Test,full_norelation,5,2380,relations-bert-2026-07-01_20-51-41_BioRedPerturbated_micro/checkpoint-2380,10097,636,1441,527,0.30621088107847855,0.5468615649183147,0.39259259259259255,0.8256907992473012,0.4233371915815573,0.5209876543209876
relations-bert-2026-07-01_20-51-41_BioRedPerturbated_micro,NeuML/pubmedbert-base-embeddings,BioRedPerturbated,BioRed,Dev,matched_norelation,5,2380,relations-bert-2026-07-01_20-51-41_BioRedPerturbated_micro/checkpoint-2380,2323,671,495,491,0.5754716981132075,0.5774526678141136,0.5764604810996563,0.6814464055101163,0.3781479336773146,0.7878006872852235
relations-bert-2026-07-01_20-51-41_BioRedPerturbated_micro,NeuML/pubmedbert-base-embeddings,BioRedPerturbated,BioRed,Dev,full_norelation,5,2380,relations-bert-2026-07-01_20-51-41_BioRedPerturbated_micro/checkpoint-2380,9068,671,1535,491,0.3041704442429737,0.5774526678141136,0.3984560570071259,0.803705337450375,0.31448863243023145,0.5445368171021377
relations-bert-2026-07-01_20-51-41_BioRedPerturbated_micro,NeuML/pubmedbert-base-embeddings,BioRedPerturbated,BioRed,Test,matched_norelation,6,2856,relations-bert-2026-07-01_20-51-41_BioRedPerturbated_micro/checkpoint-2856,2326,662,460,501,0.5900178253119429,0.5692175408426483,0.5794310722100655,0.6749785038693035,0.5671172332323842,0.7588621444201312
relations-bert-2026-07-01_20-51-41_BioRedPerturbated_micro,NeuML/pubmedbert-base-embeddings,BioRedPerturbated,BioRed,Test,full_norelation,6,2856,relations-bert-2026-07-01_20-51-41_BioRedPerturbated_micro/checkpoint-2856,10097,662,1527,501,0.30242119689355873,0.5692175408426483,0.39498806682577564,0.8194513221749035,0.48501475536149674,0.5173031026252983
relations-bert-2026-07-01_20-51-41_BioRedPerturbated_micro,NeuML/pubmedbert-base-embeddings,BioRedPerturbated,BioRed,Dev,matched_norelation,6,2856,relations-bert-2026-07-01_20-51-41_BioRedPerturbated_micro/checkpoint-2856,2323,678,505,484,0.5731191885038038,0.5834767641996558,0.5782515991471215,0.6792940163581576,0.3894826554604581,0.7863539445628999
relations-bert-2026-07-01_20-51-41_BioRedPerturbated_micro,NeuML/pubmedbert-base-embeddings,BioRedPerturbated,BioRed,Dev,full_norelation,6,2856,relations-bert-2026-07-01_20-51-41_BioRedPerturbated_micro/checkpoint-2856,9068,678,1631,484,0.29363360762234736,0.5834767641996558,0.39066551426101986,0.7936700485222762,0.306459067666665,0.5312590031691156
relations-bert-2026-07-01_20-51-41_BioRedPerturbated_micro,NeuML/pubmedbert-base-embeddings,BioRedPerturbated,BioRed,Test,matched_norelation,7,3332,relations-bert-2026-07-01_20-51-41_BioRedPerturbated_micro/checkpoint-3332,2326,669,512,494,0.5664690939881456,0.5752364574376613,0.5708191126279865,0.6672398968185727,0.5768812419314104,0.7687713310580203
relations-bert-2026-07-01_20-51-41_BioRedPerturbated_micro,NeuML/pubmedbert-base-embeddings,BioRedPerturbated,BioRed,Test,full_norelation,7,3332,relations-bert-2026-07-01_20-51-41_BioRedPerturbated_micro/checkpoint-3332,10097,669,1656,494,0.28774193548387095,0.5752364574376613,0.3836009174311927,0.810042586907002,0.4920111123372198,0.5166284403669725
relations-bert-2026-07-01_20-51-41_BioRedPerturbated_micro,NeuML/pubmedbert-base-embeddings,BioRedPerturbated,BioRed,Dev,matched_norelation,7,3332,relations-bert-2026-07-01_20-51-41_BioRedPerturbated_micro/checkpoint-3332,2323,714,525,448,0.576271186440678,0.6144578313253012,0.5947521865889214,0.6874730951356005,0.464279494167066,0.8004997917534361
relations-bert-2026-07-01_20-51-41_BioRedPerturbated_micro,NeuML/pubmedbert-base-embeddings,BioRedPerturbated,BioRed,Dev,full_norelation,7,3332,relations-bert-2026-07-01_20-51-41_BioRedPerturbated_micro/checkpoint-3332,9068,714,1758,448,0.28883495145631066,0.6144578313253012,0.3929554210236654,0.7839655932951036,0.35153454692198727,0.5288937809576225
relations-bert-2026-07-01_20-51-41_BioRedPerturbated_micro,NeuML/pubmedbert-base-embeddings,BioRedPerturbated,BioRed,Test,matched_norelation,8,3808,relations-bert-2026-07-01_20-51-41_BioRedPerturbated_micro/checkpoint-3808,2326,670,496,493,0.5746140651801029,0.5760963026655203,0.5753542292829541,0.671969045571797,0.5593751544435119,0.7694289394589953
relations-bert-2026-07-01_20-51-41_BioRedPerturbated_micro,NeuML/pubmedbert-base-embeddings,BioRedPerturbated,BioRed,Test,full_norelation,8,3808,relations-bert-2026-07-01_20-51-41_BioRedPerturbated_micro/checkpoint-3808,10097,670,1591,493,0.2963290579389651,0.5760963026655203,0.39135514018691586,0.8159849460235714,0.47667014269245844,0.5233644859813085
relations-bert-2026-07-01_20-51-41_BioRedPerturbated_micro,NeuML/pubmedbert-base-embeddings,BioRedPerturbated,BioRed,Dev,matched_norelation,8,3808,relations-bert-2026-07-01_20-51-41_BioRedPerturbated_micro/checkpoint-3808,2323,688,526,474,0.5667215815485996,0.5920826161790017,0.5791245791245792,0.6792940163581576,0.4477986030804338,0.7937710437710438
relations-bert-2026-07-01_20-51-41_BioRedPerturbated_micro,NeuML/pubmedbert-base-embeddings,BioRedPerturbated,BioRed,Dev,full_norelation,8,3808,relations-bert-2026-07-01_20-51-41_BioRedPerturbated_micro/checkpoint-3808,9068,688,1695,474,0.2887117079311792,0.5920826161790017,0.3881523272214386,0.7889280988089987,0.34578280446049847,0.5320169252468265
relations-bert-2026-07-01_20-51-41_BioRedPerturbated_micro,NeuML/pubmedbert-base-embeddings,BioRedPerturbated,BioRed,Test,matched_norelation,9,4284,relations-bert-2026-07-01_20-51-41_BioRedPerturbated_micro/checkpoint-4284,2326,698,485,465,0.5900253592561285,0.6001719690455718,0.5950554134697357,0.6792777300085985,0.5669450224560135,0.7689684569479966
relations-bert-2026-07-01_20-51-41_BioRedPerturbated_micro,NeuML/pubmedbert-base-embeddings,BioRedPerturbated,BioRed,Test,full_norelation,9,4284,relations-bert-2026-07-01_20-51-41_BioRedPerturbated_micro/checkpoint-4284,10097,698,1577,465,0.3068131868131868,0.6001719690455718,0.40605002908667825,0.8179657323957611,0.48703762446636684,0.5247236765561374
relations-bert-2026-07-01_20-51-41_BioRedPerturbated_micro,NeuML/pubmedbert-base-embeddings,BioRedPerturbated,BioRed,Dev,matched_norelation,9,4284,relations-bert-2026-07-01_20-51-41_BioRedPerturbated_micro/checkpoint-4284,2323,712,542,450,0.5677830940988836,0.612736660929432,0.5894039735099338,0.6784330606973741,0.4562856627123693,0.7922185430463576
relations-bert-2026-07-01_20-51-41_BioRedPerturbated_micro,NeuML/pubmedbert-base-embeddings,BioRedPerturbated,BioRed,Dev,full_norelation,9,4284,relations-bert-2026-07-01_20-51-41_BioRedPerturbated_micro/checkpoint-4284,9068,712,1747,450,0.2895485969906466,0.612736660929432,0.3932615299640983,0.7847375385972651,0.3544447703599354,0.528583264291632
relations-bert-2026-07-01_20-51-41_BioRedPerturbated_micro,NeuML/pubmedbert-base-embeddings,BioRedPerturbated,BioRed,Test,matched_norelation,10,4760,relations-bert-2026-07-01_20-51-41_BioRedPerturbated_micro/checkpoint-4760,2326,687,502,476,0.5777964676198486,0.5907136715391229,0.5841836734693878,0.6723989681857265,0.5713904684024589,0.7678571428571429
relations-bert-2026-07-01_20-51-41_BioRedPerturbated_micro,NeuML/pubmedbert-base-embeddings,BioRedPerturbated,BioRed,Test,full_norelation,10,4760,relations-bert-2026-07-01_20-51-41_BioRedPerturbated_micro/checkpoint-4760,10097,687,1614,476,0.2985658409387223,0.5907136715391229,0.3966512702078522,0.8144003169258196,0.4842096086749643,0.5213625866050808
relations-bert-2026-07-01_20-51-41_BioRedPerturbated_micro,NeuML/pubmedbert-base-embeddings,BioRedPerturbated,BioRed,Dev,matched_norelation,10,4760,relations-bert-2026-07-01_20-51-41_BioRedPerturbated_micro/checkpoint-4760,2323,722,541,440,0.5716547901821061,0.621342512908778,0.5954639175257732,0.6797244941885493,0.4820090851489953,0.7909278350515464
relations-bert-2026-07-01_20-51-41_BioRedPerturbated_micro,NeuML/pubmedbert-base-embeddings,BioRedPerturbated,BioRed,Dev,full_norelation,10,4760,relations-bert-2026-07-01_20-51-41_BioRedPerturbated_micro/checkpoint-4760,9068,722,1777,440,0.2889155662264906,0.621342512908778,0.3944277519803333,0.7816497573886193,0.37137677909934363,0.5239005736137667
relations-bert-BioFormer8L-2026-07-01_22-24-16_BioRedPerturbated_micro,bioformers/bioformer-8L,BioRedPerturbated,BioRed,Test,matched_norelation,1,476,relations-bert-BioFormer8L-2026-07-01_22-24-16_BioRedPerturbated_micro/checkpoint-476,2326,399,423,764,0.4854014598540146,0.34307824591573516,0.40201511335012596,0.5679277730008598,0.19548567702690328,0.5853904282115868
relations-bert-BioFormer8L-2026-07-01_22-24-16_BioRedPerturbated_micro,bioformers/bioformer-8L,BioRedPerturbated,BioRed,Test,full_norelation,1,476,relations-bert-BioFormer8L-2026-07-01_22-24-16_BioRedPerturbated_micro/checkpoint-476,10097,399,1461,764,0.21451612903225806,0.34307824591573516,0.26397618260006617,0.7976626720808161,0.18564634389964538,0.38438637115448226
relations-bert-BioFormer8L-2026-07-01_22-24-16_BioRedPerturbated_micro,bioformers/bioformer-8L,BioRedPerturbated,BioRed,Dev,matched_norelation,1,476,relations-bert-BioFormer8L-2026-07-01_22-24-16_BioRedPerturbated_micro/checkpoint-476,2323,467,493,695,0.4864583333333333,0.4018932874354561,0.44015080113100846,0.5936289281102023,0.26582977102543115,0.6701225259189444
relations-bert-BioFormer8L-2026-07-01_22-24-16_BioRedPerturbated_micro,bioformers/bioformer-8L,BioRedPerturbated,BioRed,Dev,full_norelation,1,476,relations-bert-BioFormer8L-2026-07-01_22-24-16_BioRedPerturbated_micro/checkpoint-476,9068,467,1519,695,0.2351460221550856,0.4018932874354561,0.29669631512071154,0.782752536391707,0.24128664334929642,0.451715374841169
relations-bert-BioFormer8L-2026-07-01_22-24-16_BioRedPerturbated_micro,bioformers/bioformer-8L,BioRedPerturbated,BioRed,Test,matched_norelation,2,952,relations-bert-BioFormer8L-2026-07-01_22-24-16_BioRedPerturbated_micro/checkpoint-952,2326,607,719,556,0.4577677224736048,0.5219260533104041,0.48774608276416226,0.5735167669819432,0.2747891377011535,0.7151466452390518
relations-bert-BioFormer8L-2026-07-01_22-24-16_BioRedPerturbated_micro,bioformers/bioformer-8L,BioRedPerturbated,BioRed,Test,full_norelation,2,952,relations-bert-BioFormer8L-2026-07-01_22-24-16_BioRedPerturbated_micro/checkpoint-952,10097,607,2545,556,0.19257614213197968,0.5219260533104041,0.2813441483198146,0.7209072001584629,0.22249655271219343,0.41251448435689453
relations-bert-BioFormer8L-2026-07-01_22-24-16_BioRedPerturbated_micro,bioformers/bioformer-8L,BioRedPerturbated,BioRed,Dev,matched_norelation,2,952,relations-bert-BioFormer8L-2026-07-01_22-24-16_BioRedPerturbated_micro/checkpoint-952,2323,604,801,558,0.4298932384341637,0.5197934595524957,0.47058823529411764,0.5824365045200173,0.3239674808091771,0.7736657576938059
relations-bert-BioFormer8L-2026-07-01_22-24-16_BioRedPerturbated_micro,bioformers/bioformer-8L,BioRedPerturbated,BioRed,Dev,full_norelation,2,952,relations-bert-BioFormer8L-2026-07-01_22-24-16_BioRedPerturbated_micro/checkpoint-952,9068,604,2761,558,0.17949479940564636,0.5197934595524957,0.2668433841396068,0.6768857520952801,0.24323540325626086,0.4387011265738901
relations-bert-BioFormer8L-2026-07-01_22-24-16_BioRedPerturbated_micro,bioformers/bioformer-8L,BioRedPerturbated,BioRed,Test,matched_norelation,3,1428,relations-bert-BioFormer8L-2026-07-01_22-24-16_BioRedPerturbated_micro/checkpoint-1428,2326,401,322,762,0.5546334716459198,0.3447979363714531,0.4252386002120891,0.5997420464316423,0.27206309442721693,0.5874867444326617
relations-bert-BioFormer8L-2026-07-01_22-24-16_BioRedPerturbated_micro,bioformers/bioformer-8L,BioRedPerturbated,BioRed,Test,full_norelation,3,1428,relations-bert-BioFormer8L-2026-07-01_22-24-16_BioRedPerturbated_micro/checkpoint-1428,10097,401,1064,762,0.2737201365187713,0.3447979363714531,0.30517503805175034,0.8343072199663266,0.2612619948463847,0.4216133942161339
relations-bert-BioFormer8L-2026-07-01_22-24-16_BioRedPerturbated_micro,bioformers/bioformer-8L,BioRedPerturbated,BioRed,Dev,matched_norelation,3,1428,relations-bert-BioFormer8L-2026-07-01_22-24-16_BioRedPerturbated_micro/checkpoint-1428,2323,423,309,739,0.5778688524590164,0.3640275387263339,0.44667370644139387,0.6177356866121395,0.33709972285684825,0.6156282998944034
relations-bert-BioFormer8L-2026-07-01_22-24-16_BioRedPerturbated_micro,bioformers/bioformer-8L,BioRedPerturbated,BioRed,Dev,full_norelation,3,1428,relations-bert-BioFormer8L-2026-07-01_22-24-16_BioRedPerturbated_micro/checkpoint-1428,9068,423,928,739,0.3131014063656551,0.3640275387263339,0.3366494230003979,0.8338112042346714,0.3148855312178777,0.4639872662156785
relations-bert-BioFormer8L-2026-07-01_22-24-16_BioRedPerturbated_micro,bioformers/bioformer-8L,BioRedPerturbated,BioRed,Test,matched_norelation,4,1904,relations-bert-BioFormer8L-2026-07-01_22-24-16_BioRedPerturbated_micro/checkpoint-1904,2326,578,587,585,0.496137339055794,0.49699054170249357,0.4965635738831615,0.6023215821152192,0.3245569291037041,0.7087628865979382
relations-bert-BioFormer8L-2026-07-01_22-24-16_BioRedPerturbated_micro,bioformers/bioformer-8L,BioRedPerturbated,BioRed,Test,full_norelation,4,1904,relations-bert-BioFormer8L-2026-07-01_22-24-16_BioRedPerturbated_micro/checkpoint-1904,10097,578,2031,585,0.22154082023763894,0.49699054170249357,0.3064687168610816,0.765375854214123,0.2638512623613647,0.4374337221633086
relations-bert-BioFormer8L-2026-07-01_22-24-16_BioRedPerturbated_micro,bioformers/bioformer-8L,BioRedPerturbated,BioRed,Dev,matched_norelation,4,1904,relations-bert-BioFormer8L-2026-07-01_22-24-16_BioRedPerturbated_micro/checkpoint-1904,2323,592,639,570,0.4809098294069862,0.5094664371772806,0.4947764312578353,0.6117089969866552,0.38175186605545214,0.7513581278729627
relations-bert-BioFormer8L-2026-07-01_22-24-16_BioRedPerturbated_micro,bioformers/bioformer-8L,BioRedPerturbated,BioRed,Dev,full_norelation,4,1904,relations-bert-BioFormer8L-2026-07-01_22-24-16_BioRedPerturbated_micro/checkpoint-1904,9068,592,2027,570,0.22604047346315387,0.5094664371772806,0.3131446707220312,0.7474636082928982,0.29911616230827454,0.47553557259984125
relations-bert-BioFormer8L-2026-07-01_22-24-16_BioRedPerturbated_micro,bioformers/bioformer-8L,BioRedPerturbated,BioRed,Test,matched_norelation,5,2380,relations-bert-BioFormer8L-2026-07-01_22-24-16_BioRedPerturbated_micro/checkpoint-2380,2326,622,599,541,0.5094185094185094,0.5348237317282889,0.5218120805369127,0.6147893379191746,0.37043116257870673,0.726510067114094
relations-bert-BioFormer8L-2026-07-01_22-24-16_BioRedPerturbated_micro,bioformers/bioformer-8L,BioRedPerturbated,BioRed,Test,full_norelation,5,2380,relations-bert-BioFormer8L-2026-07-01_22-24-16_BioRedPerturbated_micro/checkpoint-2380,10097,622,2151,541,0.22430580598629643,0.5348237317282889,0.3160569105691057,0.7575517480439734,0.30186688136600903,0.44004065040650403
relations-bert-BioFormer8L-2026-07-01_22-24-16_BioRedPerturbated_micro,bioformers/bioformer-8L,BioRedPerturbated,BioRed,Dev,matched_norelation,5,2380,relations-bert-BioFormer8L-2026-07-01_22-24-16_BioRedPerturbated_micro/checkpoint-2380,2323,606,650,556,0.482484076433121,0.5215146299483648,0.5012406947890818,0.6125699526474386,0.4197009775875521,0.7543424317617867
relations-bert-BioFormer8L-2026-07-01_22-24-16_BioRedPerturbated_micro,bioformers/bioformer-8L,BioRedPerturbated,BioRed,Dev,full_norelation,5,2380,relations-bert-BioFormer8L-2026-07-01_22-24-16_BioRedPerturbated_micro/checkpoint-2380,9068,606,2171,556,0.2182211019085344,0.5215146299483648,0.3076923076923077,0.7330172033524481,0.3226510672666399,0.46306169078446296
relations-bert-BioFormer8L-2026-07-01_22-24-16_BioRedPerturbated_micro,bioformers/bioformer-8L,BioRedPerturbated,BioRed,Test,matched_norelation,6,2856,relations-bert-BioFormer8L-2026-07-01_22-24-16_BioRedPerturbated_micro/checkpoint-2856,2326,580,540,583,0.5178571428571429,0.49871023215821153,0.5081033727551466,0.6139294926913156,0.3370835157791776,0.7052124397722296
relations-bert-BioFormer8L-2026-07-01_22-24-16_BioRedPerturbated_micro,bioformers/bioformer-8L,BioRedPerturbated,BioRed,Test,full_norelation,6,2856,relations-bert-BioFormer8L-2026-07-01_22-24-16_BioRedPerturbated_micro/checkpoint-2856,10097,580,1866,583,0.23712183156173344,0.49871023215821153,0.32141867553338876,0.7797365554124988,0.2870368443400459,0.44610695483513435
relations-bert-BioFormer8L-2026-07-01_22-24-16_BioRedPerturbated_micro,bioformers/bioformer-8L,BioRedPerturbated,BioRed,Dev,matched_norelation,6,2856,relations-bert-BioFormer8L-2026-07-01_22-24-16_BioRedPerturbated_micro/checkpoint-2856,2323,584,600,578,0.49324324324324326,0.5025817555938038,0.4978687127024723,0.618596642272923,0.41830457964677087,0.7468030690537084
relations-bert-BioFormer8L-2026-07-01_22-24-16_BioRedPerturbated_micro,bioformers/bioformer-8L,BioRedPerturbated,BioRed,Dev,full_norelation,6,2856,relations-bert-BioFormer8L-2026-07-01_22-24-16_BioRedPerturbated_micro/checkpoint-2856,9068,584,1907,578,0.2344439983942192,0.5025817555938038,0.31973720229947994,0.7581605646228495,0.32241644560601845,0.4796058034492199
relations-bert-BioFormer8L-2026-07-01_22-24-16_BioRedPerturbated_micro,bioformers/bioformer-8L,BioRedPerturbated,BioRed,Test,matched_norelation,7,3332,relations-bert-BioFormer8L-2026-07-01_22-24-16_BioRedPerturbated_micro/checkpoint-3332,2326,538,543,625,0.4976873265494912,0.46259673258813416,0.47950089126559714,0.5971625107480654,0.3856263884683114,0.6853832442067737
relations-bert-BioFormer8L-2026-07-01_22-24-16_BioRedPerturbated_micro,bioformers/bioformer-8L,BioRedPerturbated,BioRed,Test,full_norelation,7,3332,relations-bert-BioFormer8L-2026-07-01_22-24-16_BioRedPerturbated_micro/checkpoint-3332,10097,538,1791,625,0.23100042936882784,0.46259673258813416,0.30813287514318444,0.7835990888382688,0.3025997219536494,0.4404352806414662
relations-bert-BioFormer8L-2026-07-01_22-24-16_BioRedPerturbated_micro,bioformers/bioformer-8L,BioRedPerturbated,BioRed,Dev,matched_norelation,7,3332,relations-bert-BioFormer8L-2026-07-01_22-24-16_BioRedPerturbated_micro/checkpoint-3332,2323,575,587,587,0.49483648881239245,0.49483648881239245,0.49483648881239245,0.6142918639690056,0.44507239445547875,0.7340791738382099
relations-bert-BioFormer8L-2026-07-01_22-24-16_BioRedPerturbated_micro,bioformers/bioformer-8L,BioRedPerturbated,BioRed,Dev,full_norelation,7,3332,relations-bert-BioFormer8L-2026-07-01_22-24-16_BioRedPerturbated_micro/checkpoint-3332,9068,575,1848,587,0.2373091209244738,0.49483648881239245,0.3207810320781032,0.7621305690339656,0.328999077063409,0.4758716875871688
relations-bert-BioFormer8L-2026-07-01_22-24-16_BioRedPerturbated_micro,bioformers/bioformer-8L,BioRedPerturbated,BioRed,Test,matched_norelation,8,3808,relations-bert-BioFormer8L-2026-07-01_22-24-16_BioRedPerturbated_micro/checkpoint-3808,2326,549,505,614,0.5208728652751423,0.472055030094583,0.4952638700947226,0.6147893379191746,0.3595737448243302,0.6964366260712674
relations-bert-BioFormer8L-2026-07-01_22-24-16_BioRedPerturbated_micro,bioformers/bioformer-8L,BioRedPerturbated,BioRed,Test,full_norelation,8,3808,relations-bert-BioFormer8L-2026-07-01_22-24-16_BioRedPerturbated_micro/checkpoint-3808,10097,549,1736,614,0.24026258205689277,0.472055030094583,0.31844547563805103,0.7893433693176191,0.29016408354312906,0.4477958236658933
relations-bert-BioFormer8L-2026-07-01_22-24-16_BioRedPerturbated_micro,bioformers/bioformer-8L,BioRedPerturbated,BioRed,Dev,matched_norelation,8,3808,relations-bert-BioFormer8L-2026-07-01_22-24-16_BioRedPerturbated_micro/checkpoint-3808,2323,561,570,601,0.4960212201591512,0.4827882960413081,0.48931530745747925,0.6138613861386139,0.4270327733251306,0.7283035324901875
relations-bert-BioFormer8L-2026-07-01_22-24-16_BioRedPerturbated_micro,bioformers/bioformer-8L,BioRedPerturbated,BioRed,Dev,full_norelation,8,3808,relations-bert-BioFormer8L-2026-07-01_22-24-16_BioRedPerturbated_micro/checkpoint-3808,9068,561,1806,601,0.2370088719898606,0.4827882960413081,0.31793709266081044,0.7647772386413763,0.3228932781049788,0.4732218758855199
relations-bert-BioFormer8L-2026-07-01_22-24-16_BioRedPerturbated_micro,bioformers/bioformer-8L,BioRedPerturbated,BioRed,Test,matched_norelation,9,4284,relations-bert-BioFormer8L-2026-07-01_22-24-16_BioRedPerturbated_micro/checkpoint-4284,2326,573,557,590,0.5070796460176992,0.4926913155631986,0.4997819450501526,0.6109200343938092,0.42027551754177983,0.7108591365023986
relations-bert-BioFormer8L-2026-07-01_22-24-16_BioRedPerturbated_micro,bioformers/bioformer-8L,BioRedPerturbated,BioRed,Test,full_norelation,9,4284,relations-bert-BioFormer8L-2026-07-01_22-24-16_BioRedPerturbated_micro/checkpoint-4284,10097,573,1884,590,0.23321123321123322,0.4926913155631986,0.3165745856353591,0.7789442408636229,0.3264710060488425,0.4502762430939226
relations-bert-BioFormer8L-2026-07-01_22-24-16_BioRedPerturbated_micro,bioformers/bioformer-8L,BioRedPerturbated,BioRed,Dev,matched_norelation,9,4284,relations-bert-BioFormer8L-2026-07-01_22-24-16_BioRedPerturbated_micro/checkpoint-4284,2323,583,609,579,0.4890939597315436,0.5017211703958692,0.49532710280373826,0.6112785191562634,0.4104747616793291,0.7374681393372983
relations-bert-BioFormer8L-2026-07-01_22-24-16_BioRedPerturbated_micro,bioformers/bioformer-8L,BioRedPerturbated,BioRed,Dev,full_norelation,9,4284,relations-bert-BioFormer8L-2026-07-01_22-24-16_BioRedPerturbated_micro/checkpoint-4284,9068,583,1928,579,0.2321784149741139,0.5017211703958692,0.31745167438061533,0.754962505513895,0.31376223379805246,0.47263817043288864
relations-bert-BioFormer8L-2026-07-01_22-24-16_BioRedPerturbated_micro,bioformers/bioformer-8L,BioRedPerturbated,BioRed,Test,matched_norelation,10,4760,relations-bert-BioFormer8L-2026-07-01_22-24-16_BioRedPerturbated_micro/checkpoint-4760,2326,573,574,590,0.4995640802092415,0.4926913155631986,0.49610389610389616,0.6074806534823731,0.39888722992932124,0.7134199134199135
relations-bert-BioFormer8L-2026-07-01_22-24-16_BioRedPerturbated_micro,bioformers/bioformer-8L,BioRedPerturbated,BioRed,Test,full_norelation,10,4760,relations-bert-BioFormer8L-2026-07-01_22-24-16_BioRedPerturbated_micro/checkpoint-4760,10097,573,1931,590,0.22883386581469647,0.4926913155631986,0.3125170439050995,0.7751807467564623,0.3114620915866762,0.44941368966457595
relations-bert-BioFormer8L-2026-07-01_22-24-16_BioRedPerturbated_micro,bioformers/bioformer-8L,BioRedPerturbated,BioRed,Dev,matched_norelation,10,4760,relations-bert-BioFormer8L-2026-07-01_22-24-16_BioRedPerturbated_micro/checkpoint-4760,2323,590,622,572,0.4867986798679868,0.5077452667814114,0.49705139005897225,0.6117089969866552,0.40518217267317613,0.7430497051390059
relations-bert-BioFormer8L-2026-07-01_22-24-16_BioRedPerturbated_micro,bioformers/bioformer-8L,BioRedPerturbated,BioRed,Dev,full_norelation,10,4760,relations-bert-BioFormer8L-2026-07-01_22-24-16_BioRedPerturbated_micro/checkpoint-4760,9068,590,1983,572,0.22930431403031482,0.5077452667814114,0.31593038821954483,0.7504411116012352,0.3056183526393066,0.47228915662650595
